"","MEI","PDO","AO","NAO","Gulf","GL","HB","IOD","","",""
"dum",0.954236080646431,0.870726650939241,0.737046867891226,-0.859576498005868,0.708523486021714,0.867157192936245,-0.0651456050734924,0.153290748596191,2,1,1
"",0.820130779433956,0.841829671073258,-0.606632453076341,1.37758093658628,0.778997371418211,0.861613961513298,-0.297950691651916,-0.0103545188903809,2,1,1
"",0.536223161126517,-0.650313448801147,-1.07242455636859,-2.52211775315486,-0.393034028379226,-0.654231143386038,-2.94665948799675,-0.949416160583496,2,1,1
"",1.88445343479608,-0.403292009531127,2.20078955400805,-2.91719826139961,-0.513523296630537,0.324623807228591,-3.29698207425445,-0.230808258056641,2,1,1
"dum",5.22971898171385,2.96486859043592,-5.67299870806229,-1.35041164704572,0.016230798179402,0.428625654325372,0.686149199641044,0.670395374298096,2,1,1
"",4.21237372647095,3.00199640305177,-2.31736456327036,1.69318524775627,0.151601278487937,0.177242018130645,1.53870685617128,0.734857559204102,2,1,1
"",6.80134581046706,2.8666336900219,-1.7269582797593,1.7168800724266,0.833405891476667,2.31512930755673,3.08172806593937,-0.636130332946777,2,1,1
"",6.43336259942671,0.705990097877825,-0.799395960417161,-0.287225909996728,0.880918830965535,-0.303227946919554,1.65701322798435,-0.24448299407959,2,1,1
"dum",4.00708373664509,0.788322180927316,-1.29288574795226,1.46442517285547,-0.485848371750626,0.421299793045329,0.335889208474853,0.992781639099121,2,1,1
"",5.29736054935176,1.84091192464435,-0.880311359840564,2.26055628355024,0.329880660990421,0.889428148363071,1.13411770110044,0.922552585601807,2,1,1
"",3.12865931328563,1.80875459914154,-0.280056126941644,-2.06256262521075,-1.48029543653456,0.116096620185559,1.63447480985329,-0.813647747039795,2,1,1
"",2.24799429343816,1.631477641155,-0.712884189399343,0.0288152219825579,-0.545668642326379,1.1573922225887,1.52119268085335,-0.37004280090332,2,1,1
"dum",1.22473087756481,0.149977365343722,-3.35437237865034,0.335503672170801,-2.84907458418944,-0.842806000089233,-0.282953215337395,0.174923419952393,2,1,1
"",1.65686379956082,-0.233743709945205,1.55929693043998,0.349086005035366,0.119364738129592,-1.54259749801484,-0.783941449985098,0.867906093597412,2,1,1
"",0.62073024459763,1.58135225470079,-0.325078791230833,-1.17335287370072,-0.309028287492399,-1.94219884671607,-2.56500645577072,-0.688565254211426,2,1,1
"",2.20688962900172,1.35850814279384,1.00347647324817,0.314042065930156,-0.765338036226818,-1.43913970520927,-1.53983629098408,-0.637996673583984,2,1,1
"dum",0.883954337929128,1.17065099452134,-1.052304319886,-1.30808584557252,-0.0525887128924684,-0.681216291385424,-0.302391522597568,0.308271884918213,2,1,1
"",2.51671486043173,0.768275741094391,1.62283427143762,0.353262936890684,1.39585507097664,-0.325992910496005,-0.753456899468949,0.524885654449463,2,1,1
"",-0.0290243892799356,0.00626670770949034,1.11183177057727,0.732971078091694,-0.398686551782106,-0.957720031257051,-3.55108702979819,-1.02387046813965,2,1,1
"",1.31450609695205,0.527647709411334,0.327669993312709,1.86579786203276,-0.185899516066891,0.745437969145121,-1.30470634545386,-0.38633394241333,2,1,1
"dum",1.40540561158855,1.14654997885917,-0.961750515135161,1.02599627021078,0.142337559697251,0.338213575716834,0.1456355416914,0.778566837310791,2,1,1
"",-0.395416729938685,-0.0836239033022939,2.4686354350548,2.43979260219987,0.604773832888699,1.11530541358723,0.712867747340182,1.30410432815552,2,1,1
"",-0.412991763097174,-0.0132540375632357,-0.54563186782965,1.17015459965974,1.76239664435136,0.627503133464078,-0.450252575207511,-0.640112400054932,2,1,1
"",-1.73504868949308,-0.430789521491797,0.349460280976909,0.779424902087421,0.710639848007297,0.496769871337509,1.51236400270839,-0.335079193115234,2,1,1
"dum",-0.829445663820012,-1.31909141095672,-0.926264367093735,1.33842377787357,0.43512188784063,0.17270797470908,-0.238979934018102,0.426290512084961,2,1,1
"",-3.28894458556331,-0.763101501483985,-1.4179356358258,0.392407715773778,-2.17328144254939,-0.474641280267487,-0.452205428024569,0.778768062591553,2,1,1
"",-1.03273961338473,-0.643862378461555,-0.306335814063532,0.0109939522729873,-0.695920870321135,-1.52451076009456,0.460218798011871,-0.900893688201904,2,1,1
"",-1.0168025325827,-1.58740763136049,1.64567176008558,-3.39689115352113,-0.707230033818322,-0.443566854500971,0.450988575878394,-0.591316223144531,2,1,1
"dum",0.150169291832509,0.155060493022286,-0.328094663147911,1.36959252733683,1.13582148702783,0.181779274129871,-0.328245789601491,0.743234634399414,2,1,1
"",1.27669934655528,0.793210229735115,0.822477889104717,-2.80960043402552,0.635466246673492,-0.00547391253102873,-0.687505010434158,1.22215414047241,2,1,1
"",2.50078668996287,0.962188013164205,-0.872427688006895,-0.756297111325376,0.372653360382516,0.523928165017895,-1.07386213791133,-0.718902111053467,2,1,1
"",-0.241194378858468,1.93991663940929,2.84891591236073,-2.05336755734069,-0.505679009983117,0.979705524074501,-1.096471878247,-0.766846656799316,2,1,1
"dum",-0.108719728245707,0.450879079145352,-1.17520643880252,2.1692844578902,-1.86238543205138,0.260198347429136,0.178969424749515,0.171933174133301,2,1,1
"",-3.00064303018224,0.0794249335155568,-2.41759099329232,0.616548264190597,-0.547682484922116,-0.102376129424781,0.72235748953592,0.485888481140137,2,1,1
"",0.113921871776738,0.917235163465759,0.84714876021363,0.144482756591492,1.26903661155988,-1.41444192981854,1.45786273607486,-0.695417881011963,2,1,1
"",-1.23390097721025,1.93636587807428,-2.12867720945355,0.59800133655789,-0.993320055465154,-1.03222649286899,0.307766852030178,-0.735111713409424,2,1,1
"dum",1.89543396619949,2.88215844611811,-0.603881360936804,0.471863866027534,-1.08717670225553,-0.78389580054226,0.290644831875645,-0.13306713104248,2,1,1
"",1.46351737160777,3.73231862475098,0.343253310480132,-1.81604135705718,-1.1757200318344,-0.669864278170966,1.11942261109669,-0.0944452285766602,2,1,1
"",-0.303460984118859,2.11014345461322,0.67244023998558,2.06557129445082,-0.797063479397115,-0.924711127297868,-0.613565164896407,-1.09376668930054,2,1,1
"",-0.0210558043434158,3.14546958209468,-2.18834623224989,0.536071599976737,-1.06979528117046,-1.08080109001375,0.512444851346973,-0.647717475891113,2,1,1
"dum",0.0697741975612934,0.819342825059581,2.79068161717714,-0.627228361669568,-0.234382954081895,-0.887113415091221,0.167235655979682,-0.495083332061768,2,1,1
"",0.0157554524970551,1.57401815214909,1.8820956455724,-0.895567631377968,-1.14861357765985,-1.2998815394873,0.629087920083861,0.0480170249938965,2,1,1
"",-2.16883814577558,-0.132044312416187,-0.253183480530866,0.500126699837186,-0.799439177638905,-1.81145859886165,-0.851295185436941,-1.27875375747681,2,1,1
"",-4.20522866859745,-2.0310707257733,0.658720247756621,1.16460647641389,-0.858392142440542,-2.38295145566783,-0.190727183869619,-0.342349052429199,2,1,1
"dum",-3.64903700939509,-0.793832198047734,-0.90184704723713,0.988843352973189,0.445258406428568,-0.985091789575729,-0.183874882213962,0.279800415039062,2,1,1
"",-3.70124797148661,-1.3030484985583,3.56241977416387,-2.69002547869986,0.241489847942267,-1.04770979895947,-0.401921087761579,1.09256172180176,2,1,1
"",-4.82426176395883,-1.13094908937565,-0.745355468290106,0.399925380448263,0.697782425941446,-2.01924600659419,-0.523769371262302,-0.825813293457031,2,1,1
"",-6.43131002672777,-2.20979027958539,-0.385881713345927,0.470830658361631,0.0267262494094509,-0.706899334920401,-0.375371493007023,-0.514995574951172,2,1,1
"dum",-4.35636524000957,-1.44993473201527,1.16649912252105,-0.0613736342289343,0.069656959355379,-0.472128302708092,-0.211244067979003,0.500354766845703,2,1,1
"",-5.57521498342865,-1.37666187829291,2.35240962268492,-1.39776550651421,-1.00359087919794,-0.386505936424505,-0.497337815931829,0.756540775299072,2,1,1
"",-3.73351725680137,-1.94292052890068,1.69381248100273,-0.18791068256723,-1.86914020340974,-0.0333983772471598,-0.156507535674994,-0.719450950622559,2,1,1
"",-4.18295270691663,-1.44858482414273,-1.05584562323081,3.52424764883054,-0.430339853378474,-0.420948980565448,-0.254167832805857,-0.204261302947998,2,1,1
"dum",-0.92326234623951,-2.21806433560178,0.656621940991432,-2.75349248330882,-1.98032949843918,0.356202977293754,-0.221120336546106,0.740438461303711,2,1,1
"",0.163722186908575,-0.770694099588525,2.11635117007544,0.909778952545958,-0.906230530107424,0.513239791110903,-0.244378514601695,1.35889959335327,2,1,1
"",-0.0300797973206461,-0.911602995380726,1.95009182345651,0.891728182354761,-0.407608171984847,1.14505796363104,0.131802744615165,-0.825462341308594,2,1,1
"",-0.926881067365453,-2.50904182540584,-1.14237741207473,0.862123450572825,-0.915492366544778,-0.350317381693009,-1.13477673615445,-0.493576049804688,2,1,1
"dum",-2.31569421361361,-3.9993353544345,-3.43885102714784,-0.468114077910837,-1.02073598076994,0.833115969475103,-0.145159399102704,0.729647159576416,2,1,1
"",-2.04871097993462,-4.96497482175215,-0.648052975723914,3.46810559997172,0.962089977294108,1.24146947828831,-0.232967481176168,1.23505306243896,2,1,1
"",-2.64160450382962,-5.59893384841808,0.566731354233413,-0.850714755977386,1.84800215601259,2.15233508535951,0.979565411868045,-0.436261653900146,2,1,1
"",-2.32161694526885,-4.91031641812324,0.659084868297621,-1.12438678534873,-0.54210123078308,1.32270568869369,0.400154687730445,0.137872219085693,2,1,1
"dum",-0.603677067326349,-2.87943178169854,3.23390728243233,-0.948546742115785,-1.28409070935335,0.971792713331684,-0.350064683486279,0.519142627716064,2,1,1
"",-2.62151359319639,-2.39595707330554,-1.03668607096161,1.20560240206231,-0.827563541157581,1.18998572891981,-0.521325132210494,0.0260210037231445,2,1,1
"",-2.50517598670907,-0.544509029633208,2.62625164675772,-0.320979754907927,-1.1490934247219,-0.057671632736947,-0.829579479444998,-1.19896650314331,2,1,1
"",-1.58205286391702,-1.15627635910073,-0.278776797060534,0.965136619456247,-1.83845190631638,-0.365191133899865,-0.688730737650252,-0.279686450958252,2,1,1
"dum",0.620587212319344,0.707041822805387,-0.961485133237927,1.67866905789944,-0.502067110625775,-0.54032651197316,-0.273980889250024,0.507198333740234,2,1,1
"",-2.49791254203912,0.125134473488664,3.48932156204539,-1.03984357969438,-0.771257792587684,-1.46627249302042,-0.438843334223291,1.02034616470337,2,1,1
"",-0.663766671966541,0.657394908419073,1.29304077519662,0.862080734651075,-0.00489717939262294,-0.615132648156538,-1.28965158908954,-0.859026432037354,2,1,1
"",1.06144156958875,1.15261638456335,3.01107253205788,-3.40264401317515,0.114755375152088,-0.0831175214367775,-0.479619970742051,-0.380677700042725,2,1,1
"dum",4.21771536474689,2.47525697088888,1.1935622075294,1.58785885555096,0.254768213184286,-1.3327136177862,0.581180355826377,0.247081279754639,2,1,1
"",3.75455000436958,1.77245492919306,-1.32793328673221,1.98565608397101,1.98244850796236,-0.621182123779972,1.71466613510615,0.699899673461914,2,1,1
"",3.06093175204086,1.18375294473185,-1.31237578253833,0.0761207312986656,0.338028756404415,-1.53334598678599,-1.26536622695667,-1.00777339935303,2,1,1
"",3.10587968214251,2.162121703675,-0.432928880993866,0.226909155956739,0.76005498970543,-0.552949701469675,-0.0504634735724321,-0.70474910736084,2,1,1
"dum",2.82546854496748,0.396940886137043,1.76591135557723,0.262064207847474,-1.09909383527063,-0.826936891210031,-0.193218141310527,-0.341689109802246,2,1,1
"",2.33941502389744,2.40766663953386,2.45277654590901,0.338484034211214,-0.955154148031395,-0.484712191840198,-0.812069985235204,0.0209531784057617,2,1,1
"",1.78818233105797,-0.088865315227769,-1.59891268074173,0.132880725402748,-0.157546224715299,-0.432978547185615,-2.16552152791684,-1.03787660598755,2,1,1
"",-1.02208042795504,-0.247872921990714,1.42864009533908,0.379857671718281,-0.555737151335502,1.14207930488981,-1.44094082547155,-0.475600242614746,2,1,1
"dum",-1.09135755940792,-1.09933966187441,1.85831416908434,1.32137043274133,-0.757435350715144,-0.173574175338017,0.349805575422355,0.422440052032471,2,1,1
"",0.340101596602053,0.110635918015482,-1.66389302602045,-0.560595246861717,0.633868021571338,0.217803387657184,-0.431685035935026,0.285653114318848,2,1,1
"",-2.6540486101269,-1.02010169151093,1.29749138834729,-2.6544954503304,-1.94784737983798,-0.173330460981307,2.09415413215529,-1.0234842300415,2,1,1
"",-3.10094139443317,-1.70726489445743,-0.954019249480816,3.17450210720238,-1.07158516963109,-2.41453732725749,1.35006970682181,0.0148091316223145,2,1,1
"dum",-1.97416588461722,-3.76072595427928,2.34051703274211,-2.90291304721827,-0.944005719144084,-0.720695652036792,-0.206401620236041,1.02646446228027,2,1,1
"",-1.87613202054032,-2.7898857071294,1.77886082131354,-1.91385438141727,0.0341703752857473,-0.857345175698577,-0.795155912542059,1.80185651779175,2,1,1
"",-0.553759819059934,-4.49356389063309,1.21737201390044,-2.07759549516423,0.161805117988841,-0.697921301075826,-1.75092914241532,-0.314359664916992,2,1,1
"",-1.95545424101987,-3.87877110910254,-1.92468080307761,2.51529617379534,-0.593201155229132,-1.74845094023335,-2.08309638891168,-0.249157428741455,2,1,1
"dum",-1.82651057074489,-2.66337177742387,1.16432535905286,1.1264098405954,0.0839312425453153,-1.04188222835993,0.380675707257616,0.206188678741455,2,1,1
"",-1.56412514373598,-3.81210691213727,-2.48921735713489,0.291617243251159,-0.308026003211274,-0.627623749598044,0.622926179396094,0.602786540985107,2,1,1
"",0.447794965756266,-1.37162046153011,0.42531858668282,-0.731225323780526,-0.0562165892975785,-1.67124139799604,1.7967381552786,-0.778014183044434,2,1,1
"",1.6075797513537,-2.8231399465583,-1.15291212772356,0.797527180767979,-0.68673905685579,-0.194176176261702,2.00437521641756,-0.615646839141846,2,1,1
"dum",0.376129373963638,-0.82669085543627,1.44021708442263,0.273748523600378,1.0885223706342,-0.620015048022828,-0.129841519664412,1.11357450485229,2,1,1
"",0.489859140342699,0.0352173953493487,-1.48500544912428,3.68313016900483,0.182265870172305,-0.250037121548118,-0.384209863493261,1.44363212585449,2,1,1
"",2.01299534090039,2.14548716187762,-0.547910641541105,2.16654789016652,0.109362004361191,0.579341317837989,-0.699770173430517,-0.514341831207275,2,1,1
"",1.49388941084595,0.333502432672516,4.21348723480596,-1.64854078864126,2.60664334533106,0.5233683208665,0.607491119034154,-0.0696382522583008,2,1,1
"dum",-0.124470084654129,-2.18805543751268,0.432277061182348,-3.19798376203695,-0.636130992864987,-0.303945260339401,-0.27150674245239,0.209460735321045,2,1,1
"",-0.0965391040415913,-2.62793368882783,1.12825810568814,-0.233519835076468,-0.524557682452745,-1.45646318705451,-0.630519777173222,-0.815333843231201,2,1,1
"",0.47868903164736,-0.95244821640785,0.824397446584949,-1.15986869428107,1.41408249510548,-0.558356039680953,0.0222807571784002,-1.30572986602783,2,1,1
"",0.351855736288402,-0.890353635299811,-3.57299109422298,3.16457052453964,-0.0024251291462825,0.136905241166776,-0.866502154279714,-0.50736665725708,2,1,1
"dum",0.698236038983518,-1.43764830084377,-0.98734815484798,0.0262424926868477,-1.37984046796374,-0.414407722476016,0.346346211651255,0.821108818054199,2,1,1
"",0.253754988230626,-1.44551229563758,1.22847668383976,-1.30061993467444,-1.11268751765079,-0.682417091818192,0.591502719466863,0.393891334533691,2,1,1
"",-0.106138158769575,-0.294790231431694,-0.46524549984168,0.542401595393737,0.891659187076268,-0.531880147963691,-0.74804243838169,-0.893052101135254,2,1,1
"",1.05074794329528,-0.630512026814214,3.61271751385514,-1.48938305911787,1.18762348335456,-0.491363549979616,0.597852531108612,-0.455472469329834,2,1,1
"dum",-2.34284555155823,0.150800397924206,0.0406188774053853,2.16472683569217,-0.340905668492886,-0.108104553274573,-0.34925129474849,-0.277462959289551,1,1,2
"",-0.78957092938231,0.970817231666348,-0.739979944133809,0.0289299578922947,0.989032430901974,-0.881543266085505,-1.50509841020717,0.262275695800781,1,1,2
"",-2.39894704138937,1.50704700584833,0.258706734448186,-0.356031206924227,0.45722151898058,-0.76607125374998,-1.8298828094123,-1.18399477005005,1,1,2
"",-3.66544120966445,2.21543770086551,-0.13574345755875,-2.5460616344751,0.454613434840893,0.359703695003455,-1.46914061337639,-0.73841667175293,1,1,2
"dum",-0.533396129057614,1.85268291919857,0.455941572980246,-1.07456716579301,-0.0166852870905835,0.407987999718345,0.179517011332549,0.655649185180664,1,1,2
"",0.265460524439789,2.47183497283769,-0.887905458206257,-1.34765798085832,-0.175757508719276,0.499571828873153,0.714054131028888,0.388617515563965,1,1,2
"",-0.458555171033014,3.48477826263041,0.652312556454521,-0.00859177205706829,-1.22928593540603,0.0123401532223766,-0.336914108162143,-0.718404293060303,1,1,2
"",-0.00780024841503879,2.96340937823673,-1.38074922652521,-0.978999376193204,-0.124841267747824,0.0185664879037713,-1.12910405423197,-0.222401142120361,1,1,2
"dum",1.06483052639842,0.99315005385769,-3.60082034197906,3.05168456947323,0.216706122804526,0.0277278765684043,0.0516377811194851,0.416450500488281,1,1,2
"",-0.858836396586905,-1.251070895148,1.41671875986774,-2.55454121280109,0.186616648943493,0.596694857001039,0.606307324306602,0.575549125671387,1,1,2
"",-0.368728188162439,-1.09737881317729,-0.104653654880486,-2.62021940935915,-0.423356096481119,1.43903538690938,0.448446729473326,-1.16593647003174,1,1,2
"",1.52150339461221,-0.173008938713261,1.05520462698542,-1.39865853805921,-1.02194694542661,-0.271389957824936,-0.361749782416049,-0.617026805877686,1,1,2
"dum",2.72134069990295,2.51565170681028,1.31023345301925,-3.0628525353245,-1.42134851567001,-0.323848749582421,0.173523784306664,-0.0323419570922852,1,1,2
"",4.30568788534872,2.13011764756607,-0.112846309504873,0.312805437214843,0.696897269818121,-0.135208064288884,0.570505007078271,-0.399241924285889,1,1,2
"",3.54898940407314,2.04178682346031,-0.804534033103697,-0.37752706868207,0.926774414119332,-1.04510471589141,-0.940140481408266,-1.10127353668213,1,1,2
"",6.00777672708972,4.97873391933844,-1.15534332853873,0.526927193053178,-0.015354404293894,-1.31378930418819,-0.899921889648128,-0.731308460235596,1,1,2
"dum",4.92900540960751,5.0456903495054,-0.0487583476772098,-1.93951290301035,-0.477900401308997,-0.197503153012624,0.0983041719370742,0.650302410125732,1,1,2
"",5.3791287941712,5.17430793486339,3.15911565645106,-2.38981849183349,-0.255593706081497,0.114281180217921,0.37946328876453,0.607277393341064,1,1,2
"",3.97031661494175,4.644359836149,2.19017482149052,-0.679347395119365,1.08468005511066,-0.675043805048088,-0.161794567672754,-0.841488361358643,1,1,2
"",4.84544976288545,3.68229559100001,-0.71895235401141,0.98301905255686,0.0649712973136503,-1.33281290271172,0.734881569330232,-0.135967254638672,1,1,2
"dum",3.54077800547069,4.97562744770056,-1.37234429309094,-0.296563464981002,1.84135450428215,0.542531045325734,0.0308641726377709,1.36257982254028,1,1,2
"",3.32435317884746,3.64092951902984,-1.55515185357137,0.863998268795282,0.343907978315685,0.953557182875411,0.405188229334694,1.19932460784912,1,1,2
"",1.48321053005339,3.13202810178374,0.360523129090747,-0.858984213551768,-1.34099015583877,1.30966017974448,-0.920452077910256,-0.604660987854004,1,1,2
"",1.4739811351704,5.01134719389354,1.29774593532232,0.548899052937306,1.57660903312101,1.37380276017293,0.363921821186921,-0.558010578155518,1,1,2
"dum",-0.751651305252687,3.86003832055803,3.43271152835917,-1.14178868973197,0.74639185899375,-0.39509756039734,-0.0685487014985285,-0.076228141784668,1,1,2
"",-0.53324067481759,4.83991975055802,0.203779637805003,-1.03352877468748,-0.282501851699409,-0.970846849634,-0.364929174356634,0.250255107879639,1,1,2
"",-1.84774678887432,3.88422693963538,1.07071712609094,0.467051502859069,0.384925632046317,-0.212833672734327,0.814375196777762,-1.04206323623657,1,1,2
"",-2.5032875229779,2.05971647231238,0.171812971209764,2.49554594564797,0.998664986017863,-0.59317876616128,1.0522067941693,-0.541431903839111,1,1,2
"dum",-2.9625088463019,2.34130941448482,4.35899399530677,-0.106504224352238,-0.39251756974977,-0.444289768658294,-0.123318119782904,0.446478366851807,1,1,2
"",-1.69018395073499,3.56349800918612,-1.15284192665362,1.47060849341871,-0.351248022417588,-0.198887817574953,-0.33770101937603,1.18883609771729,1,1,2
"",-1.62268606136779,3.04057500518087,2.62928232396147,0.695592327651771,0.590034394336647,-0.264487575947181,0.993653023147188,-1.08733463287354,1,1,2
"",-1.27656743980093,2.45090112665321,-2.49948505403598,0.297328799354821,0.57727801191892,0.00273562725996393,1.06060673470116,-0.696718215942383,1,1,2
"dum",-0.152417248645224,2.81377197828276,2.24554437345237,0.765755092895014,0.734770185354787,0.428031204367824,-0.0853147197498646,0.0382180213928223,1,1,2
"",0.0297991694928684,3.7588961653438,0.969901948606955,0.737648295707672,1.89893815833346,1.07515100041438,-0.246411784853183,0.541985034942627,1,1,2
"",2.90883999485454,3.34043750407906,-0.60931240054121,0.884877285021554,1.01489166177743,1.66092921522044,1.1752283677218,-1.14729595184326,1,1,2
"",0.923242322546208,2.12399164246142,-2.19697917334537,-0.576982686560305,-0.432861003679912,0.411229617226293,0.572524843077535,-0.767654895782471,1,1,2
"dum",0.420934542787478,1.07449408560821,3.3599409725271,-1.27151576240232,-0.830259172442457,0.548515732132537,-0.0470566124758794,0.624927043914795,1,1,2
"",0.0862070153774024,1.42546588138593,-0.123856193706741,0.0893853958412638,-0.548694908656121,0.321981480437372,-0.109712028163192,0.105093002319336,1,1,2
"",0.303243298434652,-0.730092958345343,0.390084230968941,0.272271204253383,-0.0223305539376363,0.553723979814268,-0.907898053677071,-1.35126638412476,1,1,2
"",0.410258472270739,-0.907486071574978,3.60332549212156,-0.85207790564083,0.00290475240665258,1.07968014539801,1.53457936654909,-1.01064395904541,1,1,2
"dum",-0.676451002452373,-0.0110464676718597,-5.21333364626558,3.83105652353369,-0.334582635178298,-0.566576331783376,0.0174962139939707,0.78892993927002,1,1,2
"",-0.358059902894288,0.150716683934462,-1.89064581270434,0.914884059608135,0.528627754175818,-0.63701764793012,-0.274603312307731,-0.0728693008422852,1,1,2
"",0.00482473059160698,0.48172561399888,-1.35014429813511,1.06096226546416,-0.0922907600192157,0.383720625636997,3.26425869684433,-0.921671390533447,1,1,2
"",0.846927227932377,-0.529213583731237,-0.374179843759747,-3.05273855081196,-0.506768040348782,0.463071613712353,1.87900244815591,-0.891688346862793,1,1,2
"dum",0.523071824329967,-0.341506963732561,-6.18254892536509,4.40640190662653,1.32585790770736,0.604952803653123,-0.365441154423967,0.472311496734619,1,1,2
"",-2.34097931055503,-1.16639960444527,-1.70428081229536,2.02719510522087,3.05177576581891,1.12669413220217,-1.50424398765132,0.600927829742432,1,1,2
"",0.898839058017626,-0.772133190260302,0.74752932924631,-1.70566879809847,1.49121170997653,0.444241090620284,0.0148381865720338,-1.25365924835205,1,1,2
"",3.51350998790821,0.582472400625607,0.42195614581096,-2.11852343336793,1.3141731643784,1.92077896820734,-0.308670314775601,-0.521782875061035,1,1,2
"dum",1.39731555602374,-0.410849366573393,0.257058412875731,2.5847922624107,-0.421275133725012,0.62510181076878,-0.213247443391181,0.231669425964355,1,1,2
"",0.96993356866631,0.46868082015382,-0.633808207534497,1.61052207751346,1.33346836511113,0.872896194364821,-1.51185330512891,0.191124439239502,1,1,2
"",0.141262694529272,-0.269963729373583,-1.0860266404547,-0.532706096885961,1.8355520125616,1.47585706902173,-0.590062003405596,-1.33029413223267,1,1,2
"",-0.0824447027308003,-0.733945752659595,2.46881098051745,-2.60071688629855,-0.906206746282426,1.35429826338389,0.595639402502049,-0.566761493682861,1,1,2
"dum",0.546604262469642,-0.71043191274786,1.80210654272706,0.200546288562393,-1.11745066482354,0.582224300901574,0.0696783171063456,1.01989984512329,1,1,2
"",2.18652785845925,0.756983359521121,-0.830046059364203,-0.198182516170383,-0.387490787071313,0.373480982342195,0.652161989157862,0.639415264129639,1,1,2
"",0.534253255177355,0.71547222796788,0.818903970809381,-0.219053683007177,0.190937693024735,1.08992166765164,-0.273854772813308,-0.798816204071045,1,1,2
"",0.589051022844972,0.968175051157138,1.74340747299417,-3.53366584762854,0.0493120240882637,2.04049354973193,-1.37181576196651,-0.328177928924561,1,1,2
"dum",0.642932485531641,0.237184173597673,0.587729628186532,-0.787252448843357,-0.563158425494417,-0.28019753645739,0.128624148917603,0.139701843261719,1,1,2
"",3.71545968213587,0.174151044048172,-0.933603506721843,-1.76882733467566,0.172135751831848,-1.06447948712508,0.696627542553441,0.986249446868896,1,1,2
"",3.73598621102373,-0.885888400874628,-0.145191703270853,-0.525415870328736,-1.46583318889598,-0.281738831669576,-0.200654445341745,-0.972673416137695,1,1,2
"",2.69918754365874,-1.15951527325363,-1.37635444961497,-2.02417026155711,-0.494799499463133,-2.08916213220062,0.0116948336226768,-0.577589511871338,1,1,2
"dum",0.90073662908057,1.28820357819292,0.379844188462124,-0.11184038143958,-0.795805853771634,0.221493519335138,-0.0636773641697587,0.109990119934082,1,1,2
"",0.872745539502817,1.02763138186312,1.30489968355403,2.54237509575511,-0.530205587707774,0.883157458060543,0.253855811573315,-0.657871246337891,1,1,2
"",0.461882759011273,2.30648853652561,0.0599507141352554,1.64129067398164,0.104846539097276,0.515862936934511,-0.21527600284603,-1.58607006072998,1,1,2
"",-0.744025831274249,4.20433849854529,-1.64934395559833,0.944825584393046,0.200202518146611,-0.266086503162906,0.684622285042572,-0.269328594207764,1,1,2
"dum",-2.72352784909529,2.44761129600653,1.376765486616,0.595761144322419,0.646116428076812,-0.126211439479462,0.0660206426038954,0.644988536834717,1,1,2
"",-3.49153913931276,3.12381562633561,1.63003520681567,2.03431240348309,1.34125991116169,-0.108322966826556,0.358340255320284,0.746371269226074,1,1,2
"",-1.82054553683232,3.22743889289637,3.36800843190599,-3.05596960085839,0.859537278011736,-0.00040171170786086,1.53678106339331,-0.951029300689697,1,1,2
"",-2.90644019491325,1.24344535093706,1.08159296365593,3.11740927139808,1.61288907789938,-1.1216588124795,0.817296293182502,-0.633019924163818,1,1,2
"dum",-3.7092926435814,0.259645355974699,2.73990259400719,0.160209039787922,0.157942921115967,-0.267281151995313,-0.180491306980871,0.456818580627441,1,1,2
"",-4.45922288389264,0.263527224752725,2.00575270171377,-1.27956426849299,0.47106075822583,-0.283037742392914,-0.629962610017138,0.195322513580322,1,1,2
"",-1.84947486996632,0.497844510847842,-1.1658906552581,-0.385975736405732,1.09389472939762,-0.913254240033248,-1.12458643548019,-1.21936941146851,1,1,2
"",-2.64317685206417,1.86224438507908,0.409760279721278,0.669514258139437,0.791064938876336,-0.832296702712008,-0.886364863635206,-0.662067413330078,1,1,2
"dum",0.0467067502453282,2.08663823952934,1.91329612352329,0.678641148521202,0.453992495287421,-0.38234333366693,0.0614977487068631,0.171730518341064,1,1,2
"",-0.401396129328244,1.86315771393629,0.515921663027142,-0.409712740388784,-0.0944398316212094,-0.724017816046564,-0.102953697883674,0.81057071685791,1,1,2
"",-0.458203617548217,0.777152456617522,-0.344809175029691,1.06936878644522,0.170848568466673,-0.866672068326258,2.03786737919304,-1.14391946792603,1,1,2
"",2.02065749289507,1.02980897761351,1.67213014440773,-0.325674380928576,-0.19356150446625,-2.71060776357712,1.57049112446091,-0.726240634918213,1,1,2
"dum",-1.29199485081193,2.63047801497769,-0.59105596872199,-1.51826847971802,1.80646679111548,0.0966090390680255,-0.3314463261521,0.513671875,1,1,2
"",-1.39728270564636,2.10516464553939,-2.61976639018288,-0.413528328828058,1.49711352442262,0.676829741839602,-0.560783828916924,0.928601264953613,1,1,2
"",-3.49441248772486,2.85604810326774,1.8204390984248,0.21638962152505,1.74778973652511,-2.46318934978801,0.561349072698393,-0.739896297454834,1,1,2
"",-5.16775655277227,1.86055990386927,1.37249169594704,2.66404402663326,1.62033537757824,-0.25934229281024,-0.2680891694958,-0.903828144073486,1,1,2
"dum",-1.69819379990294,0.315435526119711,-0.27680170852422,1.01696113157305,2.00467224684677,-0.0583180090524078,0.0115034777334824,-0.0502004623413086,1,1,2
"",-3.21253680685771,-0.865256417955589,-0.833280334268254,0.996631049937792,2.42547615530276,0.517518132869925,0.563208797923846,0.771982192993164,1,1,2
"",-2.4655945983844,-1.38431262049239,-1.91386797176453,1.69783558877867,0.50973300585387,1.37590585492508,2.4513882656096,-0.881892204284668,1,1,2
"",-2.16303009318283,-2.09958780630079,0.577517982766705,-1.29380470776254,0.481468091584316,-1.78276206836076,0.709692053807991,-0.514466762542725,1,1,2
"dum",-2.25437491833035,-2.29982869070414,-0.423601280284507,0.85847018043969,-0.442756589894772,0.59133931061664,0.524917206844421,0.602262020111084,1,1,2
"",-4.25558328944121,-3.27526315770029,-1.58330933934268,-2.22633763316649,-1.38848968863247,0.567980697889732,0.644980128340895,-0.129101276397705,1,1,2
"",-3.36762934159522,-4.17613048423513,-2.55294041470296,1.17726455947301,-1.41360697601997,1.51847473869708,-0.480075956869,-1.29086494445801,1,1,2
"",-2.91164824612888,-3.84568306616905,-2.32021112066021,0.180289794477073,-0.508520206207041,0.773516652479089,1.71152556651826,-0.913032054901123,1,1,2
"dum",-0.383729333790984,-3.22228728231337,-2.24692090910386,-0.496999598521913,0.14093345902848,0.667354443756703,-0.274149466074136,0.447201251983643,1,1,2
"",-0.982210584459634,-3.30055687299164,1.67445555080665,-2.73218832252615,-1.23954424455554,0.613671486849024,-0.246120760972872,-0.276389122009277,1,1,2
"",-2.13215463043255,-1.28342212563835,-0.346967058074108,-0.838024063610289,-0.761441442500951,0.738532407609308,-3.32850377842892,-1.53188848495483,1,1,2
"",1.65173523761028,-2.82691794853083,0.254249402568413,-1.23001698047243,-0.0179769800188371,3.57133331404451,-2.6862523548677,-0.557310581207275,1,1,2
"dum",2.00736971880475,-1.64873931421548,-2.20118078887546,3.86012600623998,1.01400156068693,-0.187917182949829,0.131788113430859,0.369022369384766,1,1,2
"",4.12532261646748,-1.24316813193325,-3.047216530584,-1.22146431948617,-0.275287337143339,-0.422923145974639,0.479399809579229,0.527355670928955,1,1,2
"",4.18817770605476,-2.43315121446169,-0.48540419297505,-0.111354141098138,-1.74902760356526,0.007236426469008,-0.376379743694988,-0.94278621673584,1,1,2
"",3.70114769311269,-1.49088414965366,0.503117494527546,0.739834130885275,1.23246647728405,0.438638879254737,-1.41120723057876,-0.396881103515625,1,1,2
"dum",2.77250833629833,-1.69006365184135,0.568982007300049,0.292797433719612,1.37349866525219,0.133407209521229,0.0025190356140195,0.932758331298828,1,1,2
"",1.81515611634887,-1.64510169364535,-0.0951089636025497,2.20816300941024,-1.05652314567918,0.217435312500314,-0.247195046426497,1.30957889556885,1,1,2
"",2.28824159277178,-0.790790889999934,-0.540819287332616,-0.427520462690433,-1.68171266545841,-0.0986348779688408,-0.314767706174193,-0.730186939239502,1,1,2
"",-0.359183404339855,-0.750973843969807,-3.35774664372749,-1.054709069787,-0.579561535903291,1.09405085929209,-1.37313346705695,-0.517604351043701,1,1,2
"ma",3.0940203666687,1.70421493053436,1.10572385787964,1.2848494052887,0.902372598648071,2.13440823554993,2.17839813232422,3.63517355918884,1,2,3
"mb",1.88960659503937,1.88351774215698,2.21179223060608,1.96572411060333,1.43975019454956,2.49243688583374,3.54301118850708,2.28262996673584,1,2,3
"mc",1.96207630634308,2.54338693618774,1.41959989070892,3.02749943733215,0.927027821540833,3.60801768302917,4.29200220108032,1.0206001996994,1,2,3
"md",2.62470459938049,1.76584362983704,1.13059079647064,2.46440577507019,0.509532690048218,2.70107197761536,4.15475511550903,1.92545902729034,1,2,3
"ma",3.61712312698364,2.01621150970459,1.50895404815674,1.37630891799927,1.5585150718689,2.01265692710876,2.74094343185425,3.953280210495,1,2,3
"mb",3.2563910484314,3.42338109016418,2.9795606136322,1.8130692243576,1.30004847049713,2.78077912330627,4.21811532974243,1.86560642719269,1,2,3
"mc",2.46210026741028,3.9807403087616,4.69149398803711,2.42998123168945,0.543496608734131,3.7446117401123,5.20218420028687,0.168766751885414,1,2,3
"md",2.60683965682983,2.32557129859924,2.05959844589233,1.84460723400116,0.678791344165802,2.51316332817078,5.04796075820923,1.71823608875275,1,2,3
"ma",3.3645555973053,1.65366411209106,1.18099021911621,1.51380276679993,1.83375680446625,2.31424474716187,2.94456911087036,2.60318779945374,1,2,3
"mb",2.13357996940613,3.64273405075073,3.04308342933655,2.63696646690369,1.50174701213837,2.02666115760803,2.18143558502197,1.43837141990662,1,2,3
"mc",1.72280251979828,3.66224074363708,3.55942344665527,2.98492884635925,1.07866537570953,2.66107439994812,3.85234975814819,0.460185796022415,1,2,3
"md",2.8947582244873,2.42152309417725,1.49019145965576,1.01396048069,0.938973248004913,2.1168475151062,3.62233901023865,1.17170548439026,1,2,3
"ma",4.35972690582275,1.61976790428162,1.11942279338837,1.30428206920624,1.23360753059387,2.30106735229492,3.14876985549927,4.13317632675171,1,2,3
"mb",3.63100337982178,3.57462811470032,2.29881548881531,3.17427396774292,1.3259836435318,2.2213306427002,3.55334138870239,2.22454905509949,1,2,3
"mc",2.83119559288025,2.53940653800964,1.78418695926666,2.03053092956543,3.25378775596619,4.25437927246094,4.11577939987183,0.493227630853653,1,2,3
"md",2.20809650421143,2.1764976978302,1.98600494861603,2.26800894737244,2.40421795845032,2.81665921211243,3.76553273200989,1.87328851222992,1,2,3
"ma",4.1243634223938,1.68387973308563,1.24418425559998,1.54842305183411,1.45152068138123,1.75744187831879,3.34570789337158,4.88300323486328,1,2,3
"mb",3.14458775520325,2.65221405029297,2.62824177742004,2.13143682479858,1.81839871406555,3.46127581596375,4.57765865325928,1.77966141700745,1,2,3
"mc",2.32790946960449,3.54464554786682,2.95149302482605,2.86804294586182,1.72652089595795,2.69997930526733,5.3984260559082,0.361469268798828,1,2,3
"md",2.65546369552612,2.07774806022644,1.28756201267242,1.43580305576324,1.07232058048248,1.75298798084259,3.68255591392517,0.574900090694427,1,2,3
"ma",3.11417174339294,1.90331161022186,1.30066955089569,1.2545679807663,1.20496606826782,2.01135015487671,2.1661639213562,4.39657640457153,1,2,3
"mb",2.82570958137512,2.71073126792908,2.58447122573853,2.26195764541626,1.09008157253265,2.63950872421265,3.91418600082397,1.68462824821472,1,2,3
"mc",1.93694889545441,4.4606032371521,4.16100215911865,2.67186141014099,0.749338746070862,2.70990681648254,4.56686210632324,0.710000216960907,1,2,3
"md",1.33950769901276,2.29637575149536,2.22838091850281,1.54698717594147,1.69755029678345,2.94211912155151,4.12000036239624,2.61386942863464,1,2,3
"ma",3.77075457572937,1.38635146617889,0.890838265419006,1.7037627696991,1.4125691652298,2.31585049629211,2.96229815483093,3.08971190452576,1,2,3
"mb",3.03819537162781,3.21864891052246,2.41112923622131,1.85016548633575,1.1703462600708,2.66161227226257,5.08176517486572,1.82616817951202,1,2,3
"mc",2.44111609458923,3.03304386138916,3.21729254722595,1.69186949729919,0.306883901357651,4.77697801589966,4.34283685684204,0.767463088035583,1,2,3
"md",1.61264133453369,1.76724910736084,2.05402660369873,1.71158647537231,0.91803115606308,2.91382074356079,4.33442449569702,1.0095956325531,1,2,3
"ma",3.82579350471497,1.56194221973419,1.28282988071442,1.57356464862823,1.24405264854431,1.81053996086121,3.11437249183655,5.25978851318359,1,2,3
"mb",2.76423311233521,2.47796010971069,2.26006460189819,2.99941492080688,1.88439130783081,2.27064061164856,2.87640404701233,1.62986552715302,1,2,3
"mc",2.27090334892273,3.21611189842224,3.28327918052673,0.971243262290955,0.993730187416077,3.38533449172974,4.95283889770508,0.496770441532135,1,2,3
"md",3.00060629844666,1.72299861907959,1.26408231258392,1.08042001724243,0.959750831127167,2.62451839447021,2.8041615486145,1.97956216335297,1,2,3
"ma",3.34406614303589,1.3748539686203,1.09877562522888,1.2032243013382,1.18678534030914,2.25683665275574,3.04296803474426,2.77701544761658,1,2,3
"mb",2.52147841453552,2.25804305076599,2.60432076454163,2.40598726272583,0.947708606719971,1.8091379404068,3.03479909896851,1.23424029350281,1,2,3
"mc",3.41155338287354,3.08389616012573,1.83195340633392,3.25897836685181,0.60511314868927,4.119553565979,5.21458721160889,0.308355420827866,1,2,3
"md",3.12820839881897,1.97264063358307,0.796835243701935,1.11954772472382,1.18252384662628,2.77210545539856,4.16781091690063,2.35015892982483,1,2,3
"ma",3.89394426345825,1.81374442577362,1.15154695510864,1.765221118927,0.979188799858093,1.83895123004913,2.77900362014771,3.96495866775513,1,2,3
"mb",3.59487509727478,2.54319405555725,2.53847455978394,1.58789348602295,1.53707849979401,2.21324133872986,5.24418497085571,2.27954459190369,1,2,3
"mc",1.98769688606262,1.80892181396484,1.46497178077698,1.31000232696533,1.45839488506317,2.00293278694153,3.81055951118469,0.386276334524155,1,2,3
"md",1.76783549785614,2.15502381324768,1.54866921901703,0.955895066261292,1.16972279548645,2.13325476646423,2.67238545417786,1.81930947303772,1,2,3
"ma",4.29661989212036,1.85022294521332,1.28091406822205,1.27051985263824,1.04857802391052,1.63582456111908,2.49221611022949,4.5807032585144,1,2,3
"mb",1.8134400844574,3.45435929298401,3.10703611373901,1.42427825927734,1.75345814228058,2.64123940467834,2.75589990615845,1.65769350528717,1,2,3
"mc",1.80654573440552,2.87952256202698,1.71612286567688,0.72907555103302,0.998838365077972,4.35241317749023,3.87838745117188,0.502801418304443,1,2,3
"md",1.25504863262177,0.621931493282318,0.950120866298676,1.40364396572113,1.63326621055603,2.10229253768921,1.93714570999146,1.11800396442413,1,2,3
"ma",3.58838939666748,2.14327478408813,1.31125593185425,1.50383508205414,1.53582727909088,2.1170597076416,2.10522079467773,2.56727910041809,1,2,3
"mb",2.55603837966919,2.71675872802734,2.61299395561218,2.11382818222046,1.62440717220306,3.52916216850281,3.01642179489136,1.57414400577545,1,2,3
"mc",1.34353387355804,2.44452357292175,2.58570694923401,1.32847881317139,0.278807669878006,3.09139275550842,5.93208789825439,0.559837758541107,1,2,3
"md",3.12202978134155,2.14800953865051,1.54545474052429,1.52106153964996,1.30973613262177,2.00381231307983,3.77138710021973,2.13048982620239,1,2,3
"ma",2.52844667434692,1.41672325134277,1.47155749797821,1.58857893943787,1.58109033107758,1.88699817657471,2.63062334060669,3.08659100532532,1,2,3
"mb",2.31958365440369,2.97963452339172,3.36181378364563,2.84613966941833,0.912721157073975,2.43057775497437,3.52886557579041,1.50636065006256,1,2,3
"mc",1.739541888237,3.20863914489746,3.85705399513245,1.68949115276337,0.659634947776794,2.99441266059875,6.03799152374268,0.138087555766106,1,2,3
"md",1.77959060668945,1.9050452709198,1.40572834014893,1.82036900520325,1.01807880401611,2.08334183692932,3.35847020149231,1.79277777671814,1,2,3
"ma",3.38249707221985,1.48788523674011,1.05998945236206,1.68105328083038,1.32186162471771,2.005774974823,2.99432921409607,2.50357842445374,1,2,3
"mb",2.07155346870422,2.54402756690979,1.65975987911224,2.21031641960144,1.62858319282532,3.21188950538635,3.491206407547,1.55346608161926,1,2,3
"mc",1.02589869499207,1.88390982151031,2.52998113632202,1.62631070613861,0.550559818744659,2.47362589836121,6.68638610839844,0.388215243816376,1,2,3
"md",3.90482068061829,2.53257656097412,1.03302955627441,1.15498554706573,1.64984035491943,1.8661961555481,3.36147308349609,2.29074215888977,1,2,3
"ma",4.54186201095581,1.53383827209473,1.05835843086243,1.32246077060699,1.03400492668152,1.29158902168274,3.12975120544434,3.82092142105103,1,2,3
"mb",3.93109893798828,3.20059275627136,2.44161772727966,1.91995310783386,1.10391998291016,2.91518902778625,3.51727628707886,2.44813203811646,1,2,3
"mc",3.4382529258728,3.06429100036621,1.97352051734924,0.32422599196434,2.34648489952087,3.78063225746155,4.36140489578247,0.751706182956696,1,2,3
"md",3.03002333641052,2.25286149978638,1.72209787368774,1.35086512565613,1.23030245304108,1.61707401275635,3.0529580116272,1.72285413742065,1,2,3
"ma",4.61161518096924,1.57389843463898,1.13828730583191,1.21079707145691,1.28485345840454,2.4544780254364,3.48286414146423,4.85263061523438,1,2,3
"mb",2.65127229690552,2.89335989952087,2.66828012466431,3.31784462928772,1.51810228824615,2.74549579620361,3.47681736946106,1.99089121818542,1,2,3
"mc",1.92424488067627,3.19972729682922,2.19791698455811,2.97027134895325,1.46209788322449,3.17629766464233,4.07519197463989,0.357675015926361,1,2,3
"md",2.41535615921021,1.36154508590698,1.10500240325928,1.35903120040894,1.26965546607971,2.63909769058228,2.85770702362061,1.57475078105927,1,2,3
"ma",3.97858619689941,2.03760981559753,1.51756715774536,1.7573527097702,1.40350210666656,1.87844657897949,3.08771657943726,3.75749588012695,1,2,3
"mb",3.03668308258057,2.32859373092651,2.468670129776,2.18263816833496,1.82793688774109,3.15077948570251,2.89926671981812,1.75746440887451,1,2,3
"mc",1.44561457633972,3.46377396583557,4.07208061218262,2.51215672492981,0.463141143321991,2.58325386047363,4.69959878921509,0.176712840795517,1,2,3
"md",3.32239365577698,2.34337687492371,2.24623441696167,2.11370754241943,1.13581240177155,2.07361435890198,2.40282082557678,1.2971625328064,1,2,3
"ma",4.46208953857422,2.23486304283142,1.36219549179077,1.54642760753632,1.65198957920074,2.29355406761169,3.04770231246948,3.8433358669281,1,2,3
"mb",3.53984642028809,3.4312481880188,3.43987965583801,3.35185503959656,1.88365602493286,2.56299901008606,3.88246417045593,1.84499573707581,1,2,3
"mc",3.44565272331238,4.42996692657471,4.58974409103394,2.82734251022339,1.99065244197845,4.43867683410645,3.71299171447754,0.623954355716705,1,2,3
"md",2.66240644454956,1.5689492225647,1.52763605117798,1.34384024143219,0.88605272769928,3.35673093795776,3.89248108863831,0.83942437171936,1,2,3
"ma",2.60945200920105,1.48981881141663,1.35354828834534,1.41449594497681,1.09098184108734,1.75236594676971,2.94649600982666,4.43689107894897,1,2,3
"mb",3.10200262069702,3.50376486778259,2.61768102645874,2.61514949798584,0.631291806697845,1.73624813556671,4.17330646514893,2.37248373031616,1,2,3
"mc",3.10533547401428,2.68221521377563,2.93599843978882,4.39823341369629,2.5332396030426,2.95002889633179,4.8556022644043,0.681093990802765,1,2,3
"md",2.7365882396698,2.37998747825623,0.995020925998688,1.22491776943207,1.10850989818573,2.88683080673218,3.13954424858093,2.15141654014587,1,2,3
"ma",2.89326095581055,1.46438276767731,1.37938737869263,1.97693347930908,2.08718943595886,1.85747444629669,1.65945303440094,3.95059180259705,1,2,3
"mb",3.26709318161011,3.24979591369629,2.44686579704285,2.61267805099487,2.05695104598999,2.49227499961853,2.29933309555054,1.41752529144287,1,2,3
"mc",1.5806770324707,4.16377830505371,4.53941965103149,2.98681473731995,2.0010724067688,4.63250350952148,3.70740604400635,0.228094637393951,1,2,3
"md",2.29801678657532,2.25508069992065,1.52212452888489,1.54756259918213,1.05937623977661,2.01554107666016,2.59834384918213,1.87150526046753,1,2,3
"ma",2.53692841529846,1.96856725215912,1.42878329753876,1.7965669631958,1.66950976848602,2.24836850166321,2.95409035682678,2.82911419868469,1,2,3
"mb",2.52150750160217,2.89269924163818,2.58713102340698,2.63161396980286,1.32476735115051,3.00221562385559,3.63671541213989,2.30765628814697,1,2,3
"mc",2.75499534606934,3.1398561000824,3.42199015617371,3.10691165924072,1.55718195438385,3.75577449798584,4.95040893554688,0.548297107219696,1,2,3
"md",1.39449512958527,2.17654895782471,2.86480474472046,1.30854785442352,1.49903571605682,3.22253441810608,3.16697144508362,0.581158339977264,1,2,3
"ma",3.33452749252319,1.52561867237091,1.01116025447845,1.76292860507965,1.18097293376923,1.09419906139374,3.22268748283386,2.43123769760132,1,2,3
"mb",2.72257471084595,2.28532600402832,2.4412841796875,2.25110030174255,1.51744616031647,2.08176064491272,3.47992181777954,2.13842368125916,1,2,3
"mc",1.7107480764389,3.48589515686035,2.69378209114075,1.11910367012024,1.52585804462433,3.79177355766296,5.30287027359009,0.212989062070847,1,2,3
"md",3.12612819671631,2.59905815124512,1.92140376567841,1.74385249614716,1.60281407833099,2.78253650665283,4.59464645385742,1.78086447715759,1,2,3
"ma",5.4703631401062,1.6461341381073,0.810999989509583,1.06629765033722,1.2419661283493,1.77151167392731,3.12232327461243,4.31714868545532,1,2,3
"mb",3.72486543655396,3.10124635696411,2.01379418373108,1.13626027107239,0.83713299036026,2.32613348960876,3.61719012260437,1.79509341716766,1,2,3
"mc",3.13629579544067,3.63531422615051,2.51811480522156,0.441277325153351,1.38127613067627,4.14262104034424,5.24062728881836,0.440182685852051,1,2,3
"md",2.69594407081604,2.58927369117737,1.31773221492767,1.5648992061615,1.90661859512329,1.99599647521973,2.53576040267944,2.19647073745728,1,2,3
"ma",3.91639852523804,2.13491225242615,1.1369971036911,1.26591885089874,1.49184584617615,2.52165865898132,2.38902068138123,3.83494091033936,1,2,3
"mb",2.84234690666199,2.47798347473145,2.98057794570923,1.85355913639069,2.05089545249939,3.12804269790649,3.29842066764832,2.29790902137756,1,2,3
"mc",2.09880304336548,2.76916122436523,1.65443587303162,2.0638382434845,1.32587468624115,4.99619579315186,4.09115791320801,0.294056236743927,1,2,3
"md",1.65546107292175,0.902038216590881,1.27436006069183,0.925881028175354,0.67157644033432,2.22100114822388,2.29743099212646,1.95877349376678,1,2,3
"ma",2.88855791091919,1.5962393283844,1.44268584251404,1.21380126476288,1.00088894367218,1.96050584316254,2.57351994514465,3.7131564617157,1,2,3
"mb",2.94034218788147,1.64154171943665,1.16688287258148,1.36486649513245,2.18650341033936,3.9092116355896,4.36748600006104,1.55710864067078,1,2,3
"mc",1.08994781970978,4.04561901092529,0.918793857097626,1.44242763519287,1.12084412574768,3.0937294960022,4.32946395874023,0.329332232475281,1,2,3
"md",2.04859447479248,1.46447002887726,1.6816942691803,2.38544821739197,1.04817259311676,2.74034667015076,3.76284027099609,1.1829479932785,1,2,3
"ma",3.88306617736816,1.96661102771759,1.51608681678772,1.79616701602936,1.64777529239655,3.54589462280273,2.54336166381836,3.10442566871643,2,2,4
"mb",3.38409757614136,2.95082235336304,2.84998893737793,1.95891284942627,1.51938796043396,3.87545537948608,2.7791383266449,2.24933266639709,2,2,4
"mc",2.96949243545532,4.02155590057373,3.30947351455688,2.41383981704712,2.11207914352417,3.53826284408569,4.20026540756226,0.219176456332207,2,2,4
"md",2.98399257659912,1.84295165538788,1.40433764457703,1.04295015335083,0.709340870380402,2.21111702919006,4.32558917999268,1.93762409687042,2,2,4
"ma",5.3487286567688,2.3215594291687,1.23846745491028,1.76542115211487,2.54645442962646,2.07472372055054,2.8831045627594,4.09514331817627,2,2,4
"mb",2.68858122825623,2.63832974433899,3.23241877555847,1.91895473003387,1.6951984167099,3.29851627349854,4.51095914840698,1.74628281593323,2,2,4
"mc",3.08687734603882,3.51229357719421,2.6064338684082,0.774960875511169,1.13963735103607,1.97812449932098,6.14043807983398,0.226053521037102,2,2,4
"md",2.5121762752533,2.6100902557373,2.21047425270081,2.07613372802734,1.30962634086609,2.98720741271973,3.77179765701294,2.35993981361389,2,2,4
"ma",3.34652495384216,1.99718761444092,1.41549956798553,1.35249876976013,1.24379229545593,2.47291421890259,4.49994516372681,3.35764694213867,2,2,4
"mb",3.99906826019287,3.71704435348511,3.04920625686646,2.10711073875427,1.81764316558838,2.4506242275238,3.36228537559509,2.27409768104553,2,2,4
"mc",2.61539173126221,3.88139319419861,3.29085731506348,2.0096480846405,2.18288588523865,4.04523277282715,5.01976585388184,0.842094838619232,2,2,4
"md",2.78567671775818,3.16670203208923,2.84995007514954,1.51497304439545,1.48385488986969,2.56223607063293,3.78834104537964,1.05465722084045,2,2,4
"ma",4.71537685394287,1.97933280467987,1.18113791942596,1.13560795783997,1.6949166059494,2.56929039955139,2.63685989379883,4.2088475227356,2,2,4
"mb",2.85093522071838,3.62642168998718,3.44692397117615,2.03990721702576,1.21831393241882,2.78672432899475,4.02671098709106,0.908354043960571,2,2,4
"mc",2.20357441902161,3.22641921043396,2.82378220558167,2.25783658027649,1.19410145282745,1.94685137271881,4.73350048065186,0.0917022004723549,2,2,4
"md",4.31669425964355,2.27312350273132,1.38344538211823,1.0158816576004,2.09120225906372,2.48297023773193,3.17126131057739,1.93532454967499,2,2,4
"ma",4.37634325027466,1.76296484470367,1.27668309211731,1.37027609348297,1.43458831310272,2.26763558387756,3.30491423606873,4.3800950050354,2,2,4
"mb",3.53975248336792,3.08465147018433,2.38097715377808,2.06680607795715,1.48519730567932,2.2579939365387,4.23502588272095,2.65149593353271,2,2,4
"mc",2.8906409740448,3.50195980072021,2.52714490890503,3.19990515708923,1.41551923751831,2.71472239494324,5.88605785369873,0.57947438955307,2,2,4
"md",1.59260106086731,1.74354374408722,1.50256562232971,1.43983280658722,1.6829069852829,1.40536332130432,2.38120484352112,1.94962751865387,2,2,4
"ma",4.14876174926758,1.78284382820129,1.2852588891983,2.02167892456055,2.02183675765991,2.35644674301147,2.45625495910645,3.25188088417053,2,2,4
"mb",3.0681517124176,3.0177526473999,3.57679152488708,3.14758372306824,1.61280071735382,3.19878745079041,3.78993988037109,0.980227828025818,2,2,4
"mc",2.40888404846191,3.51152801513672,3.69169807434082,2.95692420005798,0.260168254375458,3.60469460487366,6.40393018722534,0.718913793563843,2,2,4
"md",1.76143372058868,2.35905766487122,1.61155450344086,2.45100927352905,0.850639402866364,3.46655631065369,3.77138185501099,1.5400048494339,2,2,4
"ma",4.16484260559082,1.68319141864777,1.31361436843872,1.90521669387817,1.75174355506897,1.954265832901,3.8770854473114,4.42713642120361,2,2,4
"mb",2.8276093006134,3.08498787879944,2.66127276420593,1.27813971042633,0.921786189079285,2.90319395065308,4.41225671768188,1.80191731452942,2,2,4
"mc",1.42354130744934,3.55884385108948,4.05555009841919,3.73097681999207,1.19604337215424,2.84170889854431,4.66994428634644,0.479804426431656,2,2,4
"md",3.30391359329224,1.74452543258667,1.98214364051819,1.34118413925171,1.17795205116272,2.22175168991089,3.90073132514954,1.49442398548126,2,2,4
"ma",4.38846683502197,1.73699069023132,1.50016236305237,2.13312864303589,1.67735767364502,1.40358197689056,2.38220763206482,4.00941562652588,2,2,4
"mb",3.10783529281616,2.27073431015015,2.62897777557373,2.41511178016663,0.659306824207306,2.26797127723694,3.30287766456604,1.69669353961945,2,2,4
"mc",2.21619915962219,3.28686285018921,2.15216970443726,0.983034193515778,1.40864598751068,4.82034921646118,5.02458667755127,0.565440356731415,2,2,4
"md",2.45354795455933,1.13543617725372,0.78616988658905,0.696481287479401,1.57007241249084,2.6106128692627,3.36065983772278,2.24920535087585,2,2,4
"ma",2.40563058853149,2.00122356414795,1.83025884628296,2.04102993011475,1.59701991081238,2.2774965763092,2.48355531692505,2.46729826927185,2,2,4
"mb",3.30769109725952,3.24232983589172,3.5714271068573,2.29618406295776,1.54653632640839,3.08075356483459,3.52698421478271,1.63285875320435,2,2,4
"mc",2.12685871124268,3.27955865859985,2.95286297798157,3.47576069831848,2.14731335639954,3.55129933357239,3.82455253601074,0.255699455738068,2,2,4
"md",2.25978064537048,2.19847583770752,2.27319169044495,2.44986605644226,1.0413863658905,2.15068936347961,3.36873817443848,2.57180881500244,2,2,4
"ma",2.90229058265686,1.48693609237671,1.43646597862244,2.06876969337463,1.70807647705078,2.02521824836731,4.14596033096313,6.04425525665283,2,2,4
"mb",3.12587118148804,3.20513916015625,3.21445369720459,2.83245062828064,1.79480743408203,3.16363549232483,3.77490854263306,1.56593143939972,2,2,4
"mc",3.07552337646484,3.25487971305847,3.67161560058594,2.6615674495697,2.50767278671265,2.51847839355469,4.87768507003784,0.247655972838402,2,2,4
"md",1.67433047294617,1.78697526454926,1.07966065406799,1.58500349521637,1.24758994579315,2.74129748344421,5.77398347854614,2.94072604179382,2,2,4
"ma",4.84193420410156,2.2601432800293,1.48678922653198,1.34408640861511,1.70104205608368,1.86846351623535,3.55534744262695,3.51426434516907,2,2,4
"mb",3.75236749649048,3.83296728134155,2.04393005371094,1.72025465965271,1.29042363166809,2.13414525985718,3.17867422103882,2.15265798568726,2,2,4
"mc",2.62864017486572,3.35524845123291,2.65572595596313,2.32306933403015,2.64742207527161,4.17529249191284,4.82239389419556,0.966572046279907,2,2,4
"md",2.51880216598511,2.40044188499451,1.19180715084076,0.789215505123138,0.500693082809448,3.01421809196472,4.46320056915283,1.05221021175385,2,2,4
"ma",4.43511295318604,2.32991456985474,1.90221834182739,2.00583910942078,1.0202579498291,2.55032444000244,2.80717015266418,4.30544281005859,2,2,4
"mb",3.31850838661194,3.56565594673157,3.00046849250793,1.87410640716553,1.639524102211,2.4388587474823,3.5245954990387,1.20687448978424,2,2,4
"mc",1.38398778438568,2.77579092979431,1.0193864107132,1.01512348651886,2.56950044631958,4.60810995101929,5.86569738388062,0.477465242147446,2,2,4
"md",2.12061858177185,1.72658467292786,0.829800605773926,1.37574303150177,0.68456757068634,1.3190438747406,3.39241552352905,1.02971017360687,2,2,4
"ma",2.93332719802856,1.67527663707733,1.43521225452423,1.61756002902985,1.73920774459839,3.16388177871704,4.61797666549683,2.80658507347107,2,2,4
"mb",2.03172445297241,2.3939151763916,2.81784677505493,1.86354112625122,0.960503935813904,2.97088265419006,4.88633966445923,1.51636469364166,2,2,4
"mc",2.17217421531677,2.612713098526,2.25700235366821,1.69184720516205,0.386707305908203,3.44026517868042,4.70122146606445,0.192223191261292,2,2,4
"md",2.16556429862976,1.5966739654541,1.43470191955566,2.30713319778442,0.813432991504669,2.90115261077881,3.59331941604614,2.07575845718384,2,2,4
"ma",4.87043905258179,2.12439346313477,1.22496902942657,1.2270679473877,1.47273647785187,1.89696776866913,3.35456871986389,3.17114520072937,2,2,4
"mb",3.46191811561584,3.50344514846802,2.40925192832947,2.08270668983459,1.91456866264343,3.12289023399353,4.20603656768799,1.5988404750824,2,2,4
"mc",1.70171737670898,3.52099585533142,3.77151083946228,1.30137646198273,0.415136992931366,3.96395969390869,5.10400390625,0.507572293281555,2,2,4
"md",1.87404239177704,2.91784930229187,1.56393384933472,0.642882406711578,0.861612498760223,2.99684286117554,2.70942568778992,0.961820662021637,2,2,4
"ma",3.68958830833435,1.74847733974457,1.30809915065765,1.34820258617401,1.65462982654572,1.2308292388916,2.2753734588623,3.8119797706604,2,2,4
"mb",3.47032499313354,3.94960355758667,3.41914701461792,2.13404488563538,1.19940555095673,2.89454793930054,3.88743495941162,1.34539711475372,2,2,4
"mc",2.47038412094116,3.16915822029114,2.31583642959595,0.294276624917984,1.1599018573761,3.89215874671936,6.92000293731689,0.245068177580833,2,2,4
"md",2.72619533538818,1.49474811553955,1.20880031585693,1.62398958206177,0.885526955127716,3.072181224823,3.3025369644165,2.16166400909424,2,2,4
"ma",3.43390798568726,1.63303530216217,1.09380185604095,1.37353444099426,1.21792387962341,2.44693470001221,4.079665184021,3.41484379768372,2,2,4
"mb",3.17858195304871,2.99164414405823,2.53984308242798,2.84445595741272,2.2955150604248,2.38849568367004,2.82448434829712,2.40376210212708,2,2,4
"mc",3.01767110824585,2.43878531455994,2.44511437416077,3.30457663536072,1.78834903240204,4.55958032608032,4.79623079299927,1.16311287879944,2,2,4
"md",2.43892765045166,1.96853196620941,1.98276078701019,2.65845942497253,0.882495760917664,1.40400505065918,3.58938360214233,0.994718432426453,2,2,4
"ma",5.2458028793335,1.89170587062836,1.39124059677124,1.12931823730469,1.40479803085327,2.73930358886719,3.91207337379456,5.70345258712769,2,2,4
"mb",4.36663007736206,3.29819917678833,2.91261529922485,2.01331067085266,1.36653161048889,3.22703814506531,4.39085578918457,2.70225930213928,2,2,4
"mc",3.37057089805603,3.2818968296051,2.7175600528717,2.51082062721252,0.214872345328331,3.42853379249573,5.35384845733643,0.439175993204117,2,2,4
"md",1.00070822238922,2.73133945465088,1.68803358078003,1.70789885520935,0.713205695152283,2.98082900047302,2.64081168174744,2.05400490760803,2,2,4
"ma",4.19260740280151,2.18021130561829,1.56806612014771,1.54870212078094,1.04036021232605,1.95115089416504,3.40072703361511,6.02756500244141,2,2,4
"mb",3.8472592830658,3.798579454422,3.11155104637146,1.94079339504242,1.45981526374817,1.64895415306091,3.07329893112183,1.7190750837326,2,2,4
"mc",2.51918601989746,3.24881315231323,1.19880330562592,1.71054244041443,1.3275820016861,4.70981216430664,5.60473346710205,0.641474068164825,2,2,4
"md",2.73700642585754,2.28703832626343,1.31686413288116,1.40490138530731,0.795764803886414,2.24517107009888,4.90676164627075,1.36998355388641,2,2,4
"ma",2.51306200027466,1.60282409191132,1.22509527206421,1.27080011367798,1.45905256271362,2.23455238342285,3.34766721725464,3.7599630355835,2,2,4
"mb",3.52832221984863,3.12259864807129,3.45172882080078,2.19391226768494,2.39664101600647,2.93553018569946,2.36689782142639,2.7812716960907,2,2,4
"mc",2.19306373596191,2.6617271900177,2.60727024078369,1.06613099575043,2.32626056671143,4.35401964187622,5.07904529571533,0.515197813510895,2,2,4
"md",1.81889677047729,1.56911528110504,1.22356832027435,1.31640803813934,1.32829594612122,2.98878359794617,4.26173305511475,1.47716009616852,2,2,4
"ma",2.58779382705688,1.8387793302536,1.55076968669891,1.61198937892914,2.28620409965515,1.93704009056091,2.59041714668274,1.77719008922577,2,2,4
"mb",2.51190400123596,3.66442441940308,2.7571804523468,2.47631621360779,2.25301623344421,2.95246124267578,3.57342791557312,2.09923028945923,2,2,4
"mc",1.90801954269409,2.95778918266296,3.34635233879089,2.56455397605896,1.10027778148651,1.9484885931015,5.96725606918335,0.0178473386913538,2,2,4
"md",2.336998462677,2.1918523311615,1.77600383758545,1.29815924167633,0.566895544528961,3.13450169563293,4.10571479797363,2.28186130523682,2,2,4
"ma",3.95120167732239,2.01097178459167,1.30036127567291,1.29407095909119,1.40083074569702,1.66030967235565,3.13573956489563,3.91859769821167,2,2,4
"mb",3.15892291069031,3.18847131729126,3.47361898422241,2.31555914878845,2.31611704826355,3.11829352378845,3.65713858604431,1.44595205783844,2,2,4
"mc",1.90453457832336,2.26409435272217,2.74340510368347,0.970349133014679,1.92184484004974,4.01616621017456,3.95360827445984,0.333045572042465,2,2,4
"md",2.66069316864014,2.73538112640381,1.7383109331131,1.67409300804138,2.16723155975342,2.66314435005188,3.63131880760193,1.26832664012909,2,2,4
"ma",4.24164867401123,2.00286889076233,1.39164924621582,1.49150049686432,1.7811267375946,2.27944207191467,3.44185781478882,3.5312237739563,2,2,4
"mb",3.05005383491516,2.49175834655762,2.86809349060059,2.30966973304749,2.13124394416809,2.0869300365448,3.63834547996521,1.53984868526459,2,2,4
"mc",1.92628061771393,3.23191666603088,1.62882304191589,2.71560978889465,1.65318524837494,2.40468692779541,5.65690612792969,0.543897271156311,2,2,4
"md",2.00618958473206,2.0618634223938,1.89392423629761,1.48293399810791,1.25605714321136,2.76239562034607,3.03467440605164,1.80290257930756,2,2,4
"ma",4.38550329208374,2.37373828887939,1.55304408073425,1.60803055763245,1.5368812084198,1.3983302116394,2.51701903343201,2.70844292640686,2,2,4
"mb",3.26201105117798,3.78335332870483,3.70524334907532,1.74670147895813,1.67434000968933,3.35854434967041,3.10267567634583,1.81293535232544,2,2,4
"mc",3.1042046546936,3.8877284526825,4.6742091178894,1.30059099197388,0.889300167560577,3.49206352233887,3.0899486541748,0.137403339147568,2,2,4
"md",2.6689670085907,1.89856505393982,2.05133175849915,2.25738954544067,1.73447287082672,2.74186897277832,2.89404273033142,1.68846547603607,2,2,4
"ma",5.35587358474731,1.35171020030975,1.10837697982788,1.34185302257538,1.35357439517975,2.76031231880188,2.29150676727295,4.50557804107666,2,2,4
"mb",2.61629128456116,3.09771537780762,2.986004114151,2.47441363334656,2.55132555961609,2.90221810340881,3.032634973526,1.96444308757782,2,2,4
"mc",2.83745574951172,4.14256525039673,3.40088295936584,2.75252962112427,0.980367481708527,2.90048885345459,5.20408487319946,0.357964724302292,2,2,4
"md",3.02007508277893,2.82963681221008,2.46771860122681,2.75602912902832,1.01818430423737,2.46322321891785,3.3869366645813,1.43267548084259,2,2,4
"ma",3.93406844139099,1.8671532869339,1.32688307762146,1.37905335426331,1.89485037326813,3.20960569381714,3.44471478462219,2.99284338951111,2,2,4
"mb",3.37146306037903,4.02822208404541,3.33518314361572,3.24388694763184,1.94545292854309,2.62258625030518,3.11878037452698,0.771330773830414,2,2,4
"mc",1.77056074142456,3.68472290039062,3.49844670295715,3.22144055366516,0.291435092687607,2.65023350715637,7.01198816299438,0.114065110683441,2,2,4
"md",1.27636587619781,1.82787251472473,1.57263588905334,2.27232956886292,1.12875211238861,2.63206434249878,4.07914781570435,0.937702298164368,2,2,4
